{
	"credit": "Made with Blockbench",
	"textures": {
		"1": "./snowball",
		"particle": "./particles"
	},
	"elements": [
		{
			"from": [6, 1, 5],
			"to": [11, 4, 9],
			"faces": {
				"north": {"uv": [8.5, 0, 10.5, 1.5], "texture": "#1"},
				"east": {"uv": [8.5, 2, 10.5, 3.5], "texture": "#1"},
				"south": {"uv": [5.5, 5, 8, 7], "texture": "#1"},
				"west": {"uv": [0, 8.5, 2.5, 10], "texture": "#1"},
				"up": {"uv": [9.5, 9, 7, 7.5], "texture": "#1"},
				"down": {"uv": [2.5, 6, 0, 8], "texture": "#1"}
			}
		},
		{
			"from": [6, 9, 5],
			"to": [11, 14, 9],
			"faces": {
				"north": {"uv": [0, 3, 2.5, 5.5], "texture": "#1"},
				"east": {"uv": [3, 3, 5, 5.5], "texture": "#1"},
				"south": {"uv": [0, 0, 2.5, 2.5], "texture": "#1"},
				"west": {"uv": [3, 0, 5, 2.5], "texture": "#1"},
				"up": {"uv": [8, 2, 5.5, 0], "rotation": 180, "texture": "#1"},
				"down": {"uv": [8, 2.5, 5.5, 4.5], "rotation": 180, "texture": "#1"}
			}
		},
		{
			"from": [5, 1, 11],
			"to": [7, 3, 15],
			"rotation": {"angle": 22.5, "axis": "y", "origin": [0, 0, 0]},
			"faces": {
				"north": {"uv": [13, 4, 14, 5], "texture": "#1"},
				"east": {"uv": [8.5, 11, 10.5, 12], "texture": "#1"},
				"south": {"uv": [12.5, 12.5, 13.5, 13.5], "texture": "#1"},
				"west": {"uv": [11, 2.5, 13, 3.5], "texture": "#1"},
				"up": {"uv": [12, 13, 11, 11], "rotation": 180, "texture": "#1"},
				"down": {"uv": [12.5, 4, 11.5, 6], "rotation": 180, "texture": "#1"}
			}
		},
		{
			"from": [5, 8, 3],
			"to": [7, 10, 7],
			"rotation": {"angle": 22.5, "axis": "x", "origin": [0, 0, 0]},
			"faces": {
				"north": {"uv": [12.5, 0, 13.5, 1], "texture": "#1"},
				"east": {"uv": [9.5, 9.5, 11.5, 10.5], "texture": "#1"},
				"south": {"uv": [12, 9.5, 13, 10.5], "texture": "#1"},
				"west": {"uv": [7, 9.5, 9, 10.5], "texture": "#1"},
				"up": {"uv": [11, 6, 10, 4], "rotation": 180, "texture": "#1"},
				"down": {"uv": [11, 6.5, 10, 8.5], "rotation": 180, "texture": "#1"}
			}
		},
		{
			"from": [9, 1, 5],
			"to": [11, 3, 9],
			"rotation": {"angle": -22.5, "axis": "y", "origin": [0, 0, 0]},
			"faces": {
				"north": {"uv": [3, 13.5, 4, 14.5], "texture": "#1"},
				"east": {"uv": [11.5, 8, 13.5, 9], "texture": "#1"},
				"south": {"uv": [13.5, 1.5, 14.5, 2.5], "texture": "#1"},
				"west": {"uv": [11.5, 6.5, 13.5, 7.5], "texture": "#1"},
				"up": {"uv": [1, 14, 0, 12], "rotation": 180, "texture": "#1"},
				"down": {"uv": [2.5, 12, 1.5, 14], "rotation": 180, "texture": "#1"}
			}
		},
		{
			"from": [10, 8, 3],
			"to": [12, 10, 7],
			"rotation": {"angle": 22.5, "axis": "x", "origin": [0, 0, 0]},
			"faces": {
				"north": {"uv": [12.5, 11, 13.5, 12], "texture": "#1"},
				"east": {"uv": [4.5, 10.5, 6.5, 11.5], "texture": "#1"},
				"south": {"uv": [8.5, 12.5, 9.5, 13.5], "texture": "#1"},
				"west": {"uv": [0, 10.5, 2, 11.5], "texture": "#1"},
				"up": {"uv": [12, 2, 11, 0], "rotation": 180, "texture": "#1"},
				"down": {"uv": [8, 11, 7, 13], "rotation": 180, "texture": "#1"}
			}
		},
		{
			"from": [7, 4, 6],
			"to": [10, 9, 8],
			"faces": {
				"north": {"uv": [5, 7.5, 6.5, 10], "texture": "#1"},
				"east": {"uv": [3, 9, 4, 11.5], "texture": "#1"},
				"south": {"uv": [3, 6, 4.5, 8.5], "texture": "#1"},
				"west": {"uv": [8.5, 4, 9.5, 6.5], "texture": "#1"},
				"up": {"uv": [4.5, 13, 3, 12], "rotation": 180, "texture": "#1"},
				"down": {"uv": [6.5, 12, 5, 13], "rotation": 180, "texture": "#1"}
			}
		}
	],
	"display": {
		"head": {
			"rotation": [0, 180, 0],
			"translation": [0, 13.25, -5.5]
		},
		"fixed": {
			"rotation": [0, 180, 0]
		}
	}
}