{
	"credit": "Made with Blockbench",
	"texture_size": [64, 64],
	"textures": {
		"0": "item/totem_of_undying",
		"particle": "item/totem_of_undying"
	},
	"elements": [
		{
			"from": [8, 0, 7],
			"to": [10, 8, 9],
			"faces": {
				"north": {"uv": [0, 5.25, 0.5, 7.25], "texture": "#0"},
				"east": {"uv": [0.75, 5.25, 1.25, 7.25], "texture": "#0"},
				"south": {"uv": [4.5, 4, 5, 6], "texture": "#0"},
				"west": {"uv": [4.75, 1.75, 5.25, 3.75], "texture": "#0"},
				"up": {"uv": [6.5, 7.25, 6, 6.75], "rotation": 180, "texture": "#0"},
				"down": {"uv": [7.25, 6, 6.75, 6.5], "rotation": 180, "texture": "#0"}
			}
		},
		{
			"from": [10, 8, 7],
			"to": [12, 16, 9],
			"faces": {
				"north": {"uv": [6.25, 0, 6.75, 2], "texture": "#0"},
				"east": {"uv": [3, 6.25, 3.5, 8.25], "texture": "#0"},
				"south": {"uv": [6, 2.25, 6.5, 4.25], "texture": "#0"},
				"west": {"uv": [6, 4.5, 6.5, 6.5], "texture": "#0"},
				"up": {"uv": [7.5, 1.25, 7, 0.75], "rotation": 180, "texture": "#0"},
				"down": {"uv": [7.5, 1.5, 7, 2], "rotation": 180, "texture": "#0"}
			}
		},
		{
			"from": [4, 8, 7],
			"to": [6, 16, 9],
			"faces": {
				"north": {"uv": [5.25, 6.25, 5.75, 8.25], "texture": "#0"},
				"east": {"uv": [6.75, 2.25, 7.25, 4.25], "texture": "#0"},
				"south": {"uv": [3.75, 6.25, 4.25, 8.25], "texture": "#0"},
				"west": {"uv": [4.5, 6.25, 5, 8.25], "texture": "#0"},
				"up": {"uv": [0.5, 8, 0, 7.5], "rotation": 180, "texture": "#0"},
				"down": {"uv": [1.25, 7.5, 0.75, 8], "rotation": 180, "texture": "#0"}
			}
		},
		{
			"from": [6, 0, 7],
			"to": [8, 8, 9],
			"faces": {
				"north": {"uv": [1.5, 5.75, 2, 7.75], "texture": "#0"},
				"east": {"uv": [2.25, 5.75, 2.75, 7.75], "texture": "#0"},
				"south": {"uv": [5.25, 4, 5.75, 6], "texture": "#0"},
				"west": {"uv": [5.5, 0, 6, 2], "texture": "#0"},
				"up": {"uv": [7.25, 7.25, 6.75, 6.75], "rotation": 180, "texture": "#0"},
				"down": {"uv": [7.5, 0, 7, 0.5], "rotation": 180, "texture": "#0"}
			}
		},
		{
			"from": [6, 8, 7],
			"to": [10, 16, 9],
			"faces": {
				"north": {"uv": [3.5, 1.75, 4.5, 3.75], "texture": "#0"},
				"east": {"uv": [3.75, 4, 4.25, 6], "texture": "#0"},
				"south": {"uv": [1.75, 3.5, 2.75, 5.5], "texture": "#0"},
				"west": {"uv": [3, 4, 3.5, 6], "texture": "#0"},
				"up": {"uv": [7.75, 5, 6.75, 4.5], "rotation": 180, "texture": "#0"},
				"down": {"uv": [7.75, 5.25, 6.75, 5.75], "rotation": 180, "texture": "#0"}
			}
		},
		{
			"from": [5, 16, 5],
			"to": [11, 22, 11],
			"faces": {
				"north": {"uv": [1.75, 0, 3.25, 1.5], "texture": "#0"},
				"east": {"uv": [1.75, 1.75, 3.25, 3.25], "texture": "#0"},
				"south": {"uv": [0, 0, 1.5, 1.5], "texture": "#0"},
				"west": {"uv": [0, 1.75, 1.5, 3.25], "texture": "#0"},
				"up": {"uv": [1.5, 5, 0, 3.5], "rotation": 180, "texture": "#0"},
				"down": {"uv": [5, 0, 3.5, 1.5], "rotation": 180, "texture": "#0"}
			}
		}
	],
	"display": {
		"thirdperson_righthand": {
			"translation": [0, 0, -1]
		},
		"firstperson_righthand": {
			"scale": [0.5, 0.5, 0.49]
		},
		"firstperson_lefthand": {
			"scale": [0.5, 0.5, 0.5]
		},
		"gui": {
			"translation": [0, -2.25, 0],
			"scale": [0.74, 0.74, 0.74]
		},
		"head": {
			"rotation": [0, 180, 0],
			"translation": [0, 14.5, 0]
		},
		"fixed": {
			"rotation": [0, 180, 0],
			"translation": [0, -3.25, 0],
			"scale": [0.86, 0.86, 0.86]
		}
	}
}