

 {
     "entity.silverfish.death_nopitchchange": {
    "replace": true,
    "sounds": [
      "mob/silverfish/kill",{
        "name": "mob/silverfish/kill",
      "stream": true,
      "pitch": 1
      }
      
    ],
    "subtitle": "subtitles.entity.silverfish.death"
  },
 
  "entity.silverfish.ambient": {
    "replace": true,
    "sounds": [
      "mob/silverfish/kill",
       { "name": "mob/silverfish/kill",
      "stream": true,
      "pitch": 1
    }
    ],
    "subtitle": "subtitles.entity.silverfish.ambient"
  },
  "entity.silverfish.hurt": {
    "replace": true,
    "sounds": [
      "mob/silverfish/kill",
       { "name": "mob/silverfish/kill",
      "stream": true,
      "pitch": 1}
    ],
    "subtitle": "subtitles.entity.silverfish.hurt"
  },
  "entity.silverfish.step": {
    "replace": true,
    "sounds": [
      "mob/silverfish/kill",
       { "name": "mob/silverfish/kill",
      "stream": true,
      "pitch": 1}
    ]
},
 
  "entity.endermite.ambient": {
    "replace": true,
    "sounds": [
      "mob/silverfish/kill",
       { "name": "mob/silverfish/kill",
      "stream": true,
      "pitch": 1
    }
    ],
    "subtitle": "subtitles.entity.silverfish.ambient"
  },
  "entity.endermite.hurt": {
    "replace": true,
    "sounds": [
      "mob/silverfish/kill",
       { "name": "mob/silverfish/kill",
      "stream": true,
      "pitch": 1}
    ],
    "subtitle": "subtitles.entity.silverfish.hurt"
  },
  "entity.endermite.step": {
    "replace": true,
    "sounds": [
      "mob/silverfish/kill",
       { "name": "mob/silverfish/kill",
      "stream": true,
      "pitch": 1}
    ]
}
 }